canonical_label,frequency,n_participants,group_coverage
Reading LLM response aloud,42,5,E:17 / B:25
Performing calculation,17,3,E:11 / B:6
Reading task statement aloud,12,3,E:4 / B:8
Deciding to consult LLM,8,6,E:6 / B:2
Paraphrasing chatbot's response,8,1,E:8 / B:0
Reading chatbot's follow-up question,8,1,E:8 / B:0
Reading LLM reasoning trace aloud,7,2,E:7 / B:0
Restating problem question,7,2,E:7 / B:0
Formulating question for LLM,6,3,E:5 / B:1
Restating given information,6,5,E:5 / B:1
Restating task question,6,3,E:3 / B:3
Identifying given information,5,2,E:2 / B:3
Identifying task goal,4,2,E:1 / B:3
Orienting to task figure,4,2,E:1 / B:3
Paraphrasing chatbot's response (cont.),4,1,E:4 / B:0
Requesting method from chatbot,4,1,E:4 / B:0
restating task definition,4,1,E:0 / B:4
Applying Pythagorean theorem,3,3,E:2 / B:1
Calculating half-diagonal length,3,1,E:0 / B:3
Describing given figure,3,1,E:3 / B:0
Identifying calculation error,3,2,E:3 / B:0
Marking action completion,3,1,E:0 / B:3
Reading task question aloud,3,2,E:2 / B:1
Recording given value (note-taking),3,1,E:3 / B:0
Requesting confirmation from LLM,3,2,E:3 / B:0
Requesting formula from LLM,3,3,E:3 / B:0
Restating Given Values,3,1,E:0 / B:3
Restating problem information,3,1,E:3 / B:0
Signaling cognitive pause,3,1,E:3 / B:0
Stating given information to LLM,3,1,E:3 / B:0
Stating goal to LLM,3,1,E:3 / B:0
placing point on diagram,3,1,E:0 / B:3
"reading lost response aloud (garbled, partial)",3,1,E:0 / B:3
Acknowledging own oversight,2,2,E:1 / B:1
Announcing task reading,2,1,E:0 / B:2
Answering chatbot in the negative,2,1,E:2 / B:0
Applying method to own values,2,1,E:2 / B:0
Appraising task difficulty,2,1,E:2 / B:0
Committing to answer,2,1,E:0 / B:2
Computing half-diagonal values,2,2,E:1 / B:1
Computing squared value,2,2,E:0 / B:2
Confirming answer matches options,2,1,E:2 / B:0
Confirming final answer,2,2,E:1 / B:1
Confirming formula from response,2,2,E:1 / B:1
Constructing auxiliary triangle,2,2,E:2 / B:0
Deciding to ask chatbot for clarification,2,1,E:2 / B:0
Deciding to correct chatbot's assumption,2,2,E:2 / B:0
Deciding to redo calculation more precisely,2,1,E:2 / B:0
Deciding to verify calculation with chatbot,2,1,E:2 / B:0
Deciding to verify recalled formula with chatbot,2,1,E:2 / B:0
Deriving half-chord length,2,2,E:1 / B:1
Deriving simplified equation,2,1,E:2 / B:0
Dictating given values for LLM,2,1,E:2 / B:0
Evaluating plausibility of result,2,2,E:2 / B:0
Expressing self-doubt about reasoning,2,2,E:1 / B:1
Expressing uncertainty about formula,2,2,E:1 / B:1
Externalizing information via note-taking,2,1,E:2 / B:0
Extracting given value,2,1,E:2 / B:0
Formulating query to chatbot,2,1,E:0 / B:2
Identifying target value,2,1,E:2 / B:0
Initiating task reading,2,2,E:1 / B:1
Mapping given value onto triangle side,2,1,E:2 / B:0
Mapping known value to diagram,2,1,E:2 / B:0
Performing calculation step,2,2,E:1 / B:1
Performing division calculation,2,2,E:1 / B:1
Planning next calculation step,2,2,E:1 / B:1
Re-reading Task Statement for Comprehension,2,1,E:0 / B:2
Re-reading Task Statement to Recall Question,2,1,E:0 / B:2
Re-reading chatbot's question,2,1,E:2 / B:0
Re-reading given values,2,2,E:1 / B:1
Reading chatbot's follow-up request,2,1,E:2 / B:0
Recalling Pythagorean theorem,2,2,E:1 / B:1
Recalling formula for a,2,1,E:2 / B:0
Recognizing calculation error,2,1,E:0 / B:2
Rejecting LLM's suggested approach,2,2,E:1 / B:1
Relaying task parameters to LLM,2,1,E:0 / B:2
Reporting formula derivation to LLM,2,1,E:2 / B:0
Reporting need for reading glasses,2,1,E:2 / B:0
Requesting solution approach from LLM,2,2,E:1 / B:1
Restating given ratio,2,2,E:1 / B:1
Restating sub-goal,2,1,E:2 / B:0
Stating intermediate calculation result,2,1,E:2 / B:0
Stating problem givens,2,1,E:2 / B:0
Submitting simplified equation to chatbot,2,1,E:2 / B:0
Suspecting own error,2,1,E:0 / B:2
Trailing off mid-thought,2,1,E:2 / B:0
Typing Query to Chatbot,2,1,E:0 / B:2
Verbalizing intended query before typing,2,1,E:2 / B:0
assigning percentage value on scale,2,1,E:0 / B:2
placing point per instruction,2,1,E:0 / B:2
reading definition aloud,2,1,E:0 / B:2
verbalizing message before sending,2,1,E:0 / B:2
voicing a sudden realization,2,1,E:0 / B:2
Abandoning Further Analysis,1,1,E:0 / B:1
Accepting imperfect drawing,1,1,E:1 / B:0
Acknowledging LLM's counter-question,1,1,E:1 / B:0
Acknowledging calculation error,1,1,E:1 / B:0
Acknowledging chatbot's response (incomplete),1,1,E:1 / B:0
Acknowledging interface clarification,1,1,E:0 / B:1
Acknowledging misreading error,1,1,E:1 / B:0
Acknowledging own earlier reasoning error,1,1,E:1 / B:0
Acknowledging possible misinterpretation,1,1,E:1 / B:0
Acknowledging think-aloud prompt,1,1,E:1 / B:0
Acknowledging unresolved determination of x,1,1,E:1 / B:0
Adding parentheses for grouping,1,1,E:1 / B:0
Adjusting Pacing Strategy,1,1,E:0 / B:1
Adjusting physical position relative to screen,1,1,E:1 / B:0
Admitting own initial confusion,1,1,E:1 / B:0
Admitting uncertain recall of theorem,1,1,E:1 / B:0
Adopting new-chat-per-task strategy,1,1,E:0 / B:1
Affirming confidence in solution correctness,1,1,E:0 / B:1
Agreeing to researcher's suggestion,1,1,E:1 / B:0
Annotating diagram with values,1,1,E:0 / B:1
Annotating drawing with values,1,1,E:1 / B:0
Announcing Intent to Calculate,1,1,E:0 / B:1
Announcing arc-length calculation step,1,1,E:0 / B:1
Announcing attempt to formulate question,1,1,E:1 / B:0
Announcing closer examination of LLM's suggestion,1,1,E:0 / B:1
Announcing derived formulas,1,1,E:1 / B:0
Announcing image upload to chatbot,1,1,E:1 / B:0
Announcing intent to describe own reasoning to LLM,1,1,E:0 / B:1
Announcing intent to share problem statement with LLM,1,1,E:0 / B:1
Announcing intent to solve for target variable,1,1,E:0 / B:1
Announcing message submission,1,1,E:0 / B:1
Announcing task-reading strategy,1,1,E:0 / B:1
Announcing transition to calculation,1,1,E:0 / B:1
Announcing writing down of solution,1,1,E:0 / B:1
Answering LLM's guiding question,1,1,E:1 / B:0
Anticipating calculation result,1,1,E:0 / B:1
Anticipating chatbot response,1,1,E:0 / B:1
Anticipating chatbot's helpfulness,1,1,E:1 / B:0
Anticipating further simplification,1,1,E:1 / B:0
Applying Pythagorean Theorem to Compute Edge Length,1,1,E:0 / B:1
Applying formula to compute circumference,1,1,E:1 / B:0
Applying same rearrangement to second equation,1,1,E:1 / B:0
Applying triangle construction to specific side,1,1,E:0 / B:1
Arriving at simplified fraction result,1,1,E:1 / B:0
Asking About Chat Session Procedure,1,1,E:0 / B:1
Asking About Remaining Task Count,1,1,E:0 / B:1
Asking LLM whether formula exists,1,1,E:1 / B:0
Asking about read-aloud protocol,1,1,E:1 / B:0
Asking chatbot for angle value,1,1,E:1 / B:0
Asking how to notate exponent,1,1,E:1 / B:0
Asking permission to consult chatbot,1,1,E:0 / B:1
Assessing own capability to solve manually,1,1,E:0 / B:1
Assessing own rusty trigonometry knowledge,1,1,E:1 / B:0
Assessing sufficiency of given information,1,1,E:1 / B:0
Assessing task difficulty relative to prior task,1,1,E:0 / B:1
Assessing task manageability,1,1,E:0 / B:1
Assessing triangle as right-angled from visual impression,1,1,E:1 / B:0
Assigning variable notation,1,1,E:1 / B:0
Assigning variable to unknown height,1,1,E:1 / B:0
Assigning variables to segment lengths,1,1,E:1 / B:0
Assuming LLM comprehension despite ambiguity,1,1,E:1 / B:0
Assuming geometric property from figure,1,1,E:0 / B:1
Assuming x must be positive,1,1,E:1 / B:0
Attempting and rejecting calculation,1,1,E:1 / B:0
Attempting and rejecting incorrect approach,1,1,E:1 / B:0
Attempting to Interpret Given Ratio,1,1,E:0 / B:1
Attempting to access task image,1,1,E:0 / B:1
Attempting to follow chatbot's suggested approach,1,1,E:1 / B:0
Attributing chatbot's confusion to computed exponents,1,1,E:1 / B:0
Attributing chatbot's confusion to own typo,1,1,E:1 / B:0
Attributing chatbot's earlier inability to compute exponents,1,1,E:1 / B:0
Attributing confusion to own unclear phrasing,1,1,E:1 / B:0
Attributing discrepancy to rounding error,1,1,E:0 / B:1
Attributing formula source to chatbot,1,1,E:0 / B:1
Attributing helpfulness to chatbot,1,1,E:1 / B:0
Attributing insight to chatbot guidance,1,1,E:1 / B:0
Attributing prior response content to chatbot,1,1,E:0 / B:1
Attributing request for formula to task,1,1,E:1 / B:0
"Beginning own reasoning, building on chatbot's hint",1,1,E:1 / B:0
Beginning tentative hypothesis (incomplete),1,1,E:1 / B:0
Beginning to parse formula terms,1,1,E:1 / B:0
Calculating Half of Diagonal AC,1,1,E:0 / B:1
Calculating Half of Diagonal BD,1,1,E:0 / B:1
Calculating Half of Diagonal Length,1,1,E:0 / B:1
Calculating answer using calculator,1,1,E:1 / B:0
Calculating midpoint segment,1,1,E:1 / B:0
Calculating part totals and percentages,1,1,E:1 / B:0
Calculating result from formula,1,1,E:0 / B:1
Calculating segment length,1,1,E:1 / B:0
Canceling shared term,1,1,E:1 / B:0
Categorizing problem type,1,1,E:1 / B:0
Challenging chatbot's assumption,1,1,E:1 / B:0
Checking calculation output,1,1,E:0 / B:1
Checking for pi-symbol availability,1,1,E:1 / B:0
Checking image-upload availability,1,1,E:1 / B:0
Checking own understanding,1,1,E:1 / B:0
Checking understanding against hint,1,1,E:1 / B:0
Claiming to have found answer,1,1,E:1 / B:0
Clarifying Text Equivalence,1,1,E:0 / B:1
Clarifying answer scope as single edge,1,1,E:0 / B:1
Clarifying correct right-angle location,1,1,E:1 / B:0
Clarifying goal using analogy,1,1,E:1 / B:0
Clarifying note-taking protocol,1,1,E:1 / B:0
Clarifying own question in response to chatbot,1,1,E:1 / B:0
Clarifying question for chatbot,1,1,E:1 / B:0
Clarifying task procedure with researcher,1,1,E:0 / B:1
Clarifying variable meaning,1,1,E:1 / B:0
Commenting on Rusty Calculator Skills,1,1,E:0 / B:1
Committing to Answer Despite Uncertainty,1,1,E:0 / B:1
Committing to answer under uncertainty,1,1,E:1 / B:0
Communicating own derived setup to LLM,1,1,E:0 / B:1
Comparing Chatbot to ChatGPT,1,1,E:0 / B:1
Comparing chatbot response to own prior reasoning,1,1,E:1 / B:0
Comparing converted option to computed result,1,1,E:0 / B:1
Comparing result to prior reasoning,1,1,E:1 / B:0
Completing bisection calculation for both diagonals,1,1,E:1 / B:0
Completing calculation independently without consulting LLM,1,1,E:0 / B:1
Completing derived formula,1,1,E:1 / B:0
Completing equation with unknowns,1,1,E:1 / B:0
Completing final multiplication calculation,1,1,E:1 / B:0
Completing hypothesis about edge symmetry,1,1,E:1 / B:0
Composing explanation of Pythagorean application,1,1,E:1 / B:0
Composing explanation of right angles,1,1,E:1 / B:0
Composing explanation of triangle division,1,1,E:1 / B:0
Composing variable definition for target,1,1,E:1 / B:0
Composing variable definitions,1,1,E:1 / B:0
Computing 6² and planning subtraction of 27,1,1,E:1 / B:0
Computing angle in degrees,1,1,E:1 / B:0
Computing bounds for a using formula,1,1,E:1 / B:0
Computing decimal equivalent of answer option,1,1,E:0 / B:1
Computing derived value,1,1,E:1 / B:0
Computing final answer from attributed given value,1,1,E:1 / B:0
Computing final answer via summation,1,1,E:1 / B:0
Computing final simplified equation,1,1,E:1 / B:0
Computing numeric value,1,1,E:1 / B:0
Computing powers and planning subtraction,1,1,E:1 / B:0
Computing second half-diagonal values,1,1,E:0 / B:1
Computing second squared value,1,1,E:0 / B:1
Computing sum result,1,1,E:0 / B:1
Computing target length via segment addition,1,1,E:1 / B:0
Computing value of a for verification,1,1,E:1 / B:0
Computing value of b for verification,1,1,E:1 / B:0
Concluding a given is missing,1,1,E:1 / B:0
Concluding correct interpretation via plausibility,1,1,E:1 / B:0
Concluding equation setup,1,1,E:1 / B:0
Concluding hypothetical determinacy,1,1,E:1 / B:0
Concluding midpoint value,1,1,E:1 / B:0
Concluding range for b,1,1,E:1 / B:0
Concluding right angle,1,1,E:1 / B:0
Concluding successful verification,1,1,E:1 / B:0
Confirming CP as height/altitude,1,1,E:1 / B:0
Confirming Calculated Value,1,1,E:0 / B:1
Confirming Correct Understanding,1,1,E:0 / B:1
Confirming Prior Calculation Correct,1,1,E:0 / B:1
Confirming alignment with own prior reasoning,1,1,E:1 / B:0
Confirming assumption before verifying,1,1,E:1 / B:0
Confirming calculated part length,1,1,E:1 / B:0
Confirming calculation makes sense,1,1,E:0 / B:1
Confirming calculation result,1,1,E:1 / B:0
Confirming chatbot's hint as correct,1,1,E:1 / B:0
Confirming comprehension of response so far,1,1,E:0 / B:1
Confirming derived formula,1,1,E:1 / B:0
Confirming final answer reasoning,1,1,E:1 / B:0
Confirming formula for full circumference,1,1,E:1 / B:0
Confirming further simplification is possible,1,1,E:1 / B:0
Confirming initial interpretation,1,1,E:1 / B:0
Confirming right triangle and requesting formula,1,1,E:1 / B:0
Confirming right-angle triangle determination,1,1,E:1 / B:0
Confirming solution method from response,1,1,E:0 / B:1
Confirming theorem with chatbot,1,1,E:1 / B:0
Confirming understanding and recording fractions,1,1,E:1 / B:0
Confirming understanding of LLM's Pythagorean suggestion,1,1,E:0 / B:1
Confirming understanding of LLM's algebraic steps,1,1,E:0 / B:1
Confirming understanding of LLM's repeated Pythagorean suggestion,1,1,E:0 / B:1
Confirming variable assignment,1,1,E:1 / B:0
Confirming verification result,1,1,E:1 / B:0
Connecting half-diagonals to Pythagorean approach,1,1,E:1 / B:0
Considering alternative solving strategy from own academic background,1,1,E:0 / B:1
Considering eliminating shared term,1,1,E:1 / B:0
Considering guessing as a strategy,1,1,E:1 / B:0
Considering missing angle,1,1,E:1 / B:0
Considering querying LLM as fallback,1,1,E:1 / B:0
Considering whether substitution is feasible,1,1,E:1 / B:0
Consolidating known segment lengths,1,1,E:1 / B:0
Constructing auxiliary point in reasoning,1,1,E:1 / B:0
Continuing algebraic rearrangement,1,1,E:1 / B:0
Continuing arc-length calculation,1,1,E:0 / B:1
Continuing calculation,1,1,E:1 / B:0
Continuing calculation with given values,1,1,E:1 / B:0
Continuing computation setup,1,1,E:1 / B:0
Continuing failed calculation attempt,1,1,E:1 / B:0
Continuing percentage estimation attempt,1,1,E:1 / B:0
Continuing radian conversion calculation,1,1,E:0 / B:1
Continuing to convert next answer option,1,1,E:0 / B:1
Continuing work on paper,1,1,E:1 / B:0
Converting next answer option,1,1,E:0 / B:1
Converting ratio to fraction,1,1,E:1 / B:0
Copying formula for reuse,1,1,E:1 / B:0
Copying task text into chat,1,1,E:1 / B:0
Correcting calculation and confirming result,1,1,E:1 / B:0
Correcting calculation approach,1,1,E:0 / B:1
Correcting chatbot's assumption,1,1,E:0 / B:1
Correcting chatbot's assumption in message,1,1,E:1 / B:0
Correcting count of triangles,1,1,E:0 / B:1
Correcting own calculation setup,1,1,E:1 / B:0
Correcting radius/diameter confusion,1,1,E:1 / B:0
Correcting recalled answer,1,1,E:1 / B:0
Correcting segment length estimate,1,1,E:1 / B:0
Correcting sign error in expression,1,1,E:1 / B:0
Critically evaluating LLM's claim,1,1,E:1 / B:0
Criticizing chatbot's failure to detect logic error,1,1,E:1 / B:0
Criticizing response as verbose and insufficiently confirmatory,1,1,E:0 / B:1
Deciding on response to chatbot,1,1,E:1 / B:0
Deciding to Consult Chatbot for Angle Property,1,1,E:0 / B:1
Deciding to apply arccosine,1,1,E:1 / B:0
Deciding to ask chatbot a new question,1,1,E:1 / B:0
Deciding to ask for help,1,1,E:1 / B:0
Deciding to attempt mental calculation first,1,1,E:1 / B:0
Deciding to attempt solution without chatbot,1,1,E:1 / B:0
Deciding to check remaining answer options,1,1,E:0 / B:1
Deciding to compute final value using calculator,1,1,E:0 / B:1
Deciding to consult LLM due to knowledge gap,1,1,E:0 / B:1
Deciding to consult LLM for guidance,1,1,E:1 / B:0
Deciding to consult chatbot again (utterance cuts off),1,1,E:1 / B:0
Deciding to consult chatbot for formula,1,1,E:1 / B:0
Deciding to consult chatbot with image,1,1,E:1 / B:0
Deciding to continue querying chatbot,1,1,E:1 / B:0
Deciding to convert answer options using calculator,1,1,E:0 / B:1
Deciding to copy task using established routine,1,1,E:0 / B:1
Deciding to explain own work to chatbot,1,1,E:1 / B:0
Deciding to follow chatbot advice,1,1,E:1 / B:0
Deciding to inform chatbot of typo correction,1,1,E:1 / B:0
Deciding to inspect chatbot's reasoning process,1,1,E:1 / B:0
Deciding to inspect chatbot's reasoning trace,1,1,E:1 / B:0
Deciding to query chatbot,1,1,E:1 / B:0
Deciding to query chatbot for direct solution,1,1,E:1 / B:0
Deciding to re-explain to chatbot,1,1,E:1 / B:0
Deciding to re-read task,1,1,E:1 / B:0
Deciding to rearrange equations,1,1,E:1 / B:0
Deciding to reason by plausibility,1,1,E:1 / B:0
Deciding to reconsider LLM's proposed approach,1,1,E:0 / B:1
Deciding to redo calculation,1,1,E:1 / B:0
Deciding to reformat equation with explicit exponents,1,1,E:1 / B:0
Deciding to request formula from LLM,1,1,E:0 / B:1
Deciding to request general approach from LLM,1,1,E:0 / B:1
Deciding to request idea from LLM,1,1,E:0 / B:1
Deciding to share image with chatbot,1,1,E:1 / B:0
Deciding to sketch diagram,1,1,E:1 / B:0
Deciding to sketch diagram to support reasoning,1,1,E:0 / B:1
Deciding to start new chat per task,1,1,E:0 / B:1
Deciding to submit solution for chatbot verification,1,1,E:0 / B:1
Deciding to try LLM's suggested equation manipulation,1,1,E:0 / B:1
Deciding to use calculator,1,1,E:1 / B:0
Deciding to use image as chatbot input,1,1,E:0 / B:1
Deciding to verify answer by calculation,1,1,E:1 / B:0
Deciding to verify assumption with chatbot,1,1,E:1 / B:0
Deciding to verify formula with chatbot,1,1,E:1 / B:0
Deciding to verify result with LLM,1,1,E:1 / B:0
Delegating equation-solving task to LLM,1,1,E:0 / B:1
Deriving Final Angle via Bisection Reasoning,1,1,E:0 / B:1
Deriving angle value from clarification,1,1,E:0 / B:1
Deriving bound for x,1,1,E:1 / B:0
Deriving circumference formula,1,1,E:1 / B:0
Deriving circumference formula (cont.),1,1,E:1 / B:0
Deriving diameter length independently,1,1,E:0 / B:1
Deriving expression for a in terms of b,1,1,E:1 / B:0
Deriving fractional relationship between segments,1,1,E:1 / B:0
Deriving geometric relationship (bisection),1,1,E:1 / B:0
Deriving inconsistent result,1,1,E:1 / B:0
Deriving length CB from midpoint C,1,1,E:1 / B:0
Deriving midpoint segment lengths,1,1,E:1 / B:0
Deriving range for a,1,1,E:1 / B:0
Deriving ratio formulation from re-read,1,1,E:1 / B:0
Deriving rearranged formula,1,1,E:1 / B:0
Deriving right triangle from bisected chord,1,1,E:1 / B:0
Deriving upper bound for b,1,1,E:1 / B:0
Describing LLM's stepwise equation-solving response,1,1,E:0 / B:1
Describing degree of freedom in figure,1,1,E:1 / B:0
Describing figure,1,1,E:1 / B:0
Describing geometric relationship between sides,1,1,E:1 / B:0
Describing geometric setup for LLM,1,1,E:0 / B:1
Describing substitution strategy,1,1,E:1 / B:0
Detecting error via magnitude check,1,1,E:1 / B:0
Determining boundary values,1,1,E:1 / B:0
Dictating calculation to LLM,1,1,E:1 / B:0
Dictating chatbot question — reasoning about required third side,1,1,E:1 / B:0
Dictating chatbot question — restating givens and triangle setup,1,1,E:1 / B:0
Dictating combined equation,1,1,E:1 / B:0
Dictating conclusion for message,1,1,E:1 / B:0
Dictating formula for message,1,1,E:1 / B:0
Dictating formula for message input,1,1,E:1 / B:0
Dictating goal for LLM,1,1,E:1 / B:0
Dictating message about equation rearrangement,1,1,E:1 / B:0
Dictating message referencing prior LLM statement,1,1,E:1 / B:0
Dictating problem clarification for LLM,1,1,E:1 / B:0
Dictating problem setup for LLM,1,1,E:1 / B:0
Dictating question to chatbot while typing,1,1,E:1 / B:0
Discovering CoT expansion feature,1,1,E:1 / B:0
Dismissing labeling discrepancy as unimportant,1,1,E:0 / B:1
Distinguishing surface appearance from actual difficulty,1,1,E:0 / B:1
Doubting Applicability of Analogy,1,1,E:0 / B:1
Drafting clarifying question for chatbot,1,1,E:1 / B:0
Elaborating bisection reasoning with values,1,1,E:1 / B:0
Elaborating solution reasoning,1,1,E:1 / B:0
Eliminating another answer option,1,1,E:0 / B:1
Eliminating answer option,1,1,E:0 / B:1
Enumerating perceived given quantities,1,1,E:1 / B:0
Enumerating unknowns in sub-triangle ACP,1,1,E:0 / B:1
Enumerating unknowns in sub-triangle BCP,1,1,E:0 / B:1
Estimating proximity to answer option,1,1,E:1 / B:0
Estimating result,1,1,E:1 / B:0
Evaluating LLM response as helpful,1,1,E:0 / B:1
Evaluating intermediate result,1,1,E:1 / B:0
Evaluating own reasoning against response,1,1,E:0 / B:1
Evaluating response's assumption,1,1,E:0 / B:1
Evaluating triangle for isosceles property,1,1,E:0 / B:1
Evaluating usefulness of rearranging equations,1,1,E:1 / B:0
Evaluating whether constraints are sufficient to solve,1,1,E:1 / B:0
Executing trigonometric calculation,1,1,E:1 / B:0
Explaining calculation logic,1,1,E:0 / B:1
Explaining derived bound for b in message,1,1,E:1 / B:0
Explaining formatting choice,1,1,E:1 / B:0
Explaining inability to fully determine length in message,1,1,E:1 / B:0
Explaining own reasoning strategy (sketching aids thinking),1,1,E:0 / B:1
Explaining rearrangement rationale in message,1,1,E:1 / B:0
Explaining vision workaround strategy,1,1,E:1 / B:0
Expressing Difficulty with Task,1,1,E:0 / B:1
Expressing Frustration/Disbelief,1,1,E:0 / B:1
Expressing Surprise at Chatbot's Counter-Question,1,1,E:0 / B:1
Expressing Surprise at Task Count,1,1,E:0 / B:1
Expressing confidence in eventually solving,1,1,E:1 / B:0
Expressing confidence in own solution prior to verification,1,1,E:0 / B:1
Expressing confidence in resolving technical issue,1,1,E:0 / B:1
Expressing confidence reinforced by cross-checking,1,1,E:0 / B:1
Expressing confusion about formula symbol,1,1,E:1 / B:0
Expressing confusion about notation,1,1,E:1 / B:0
Expressing confusion at result mismatch,1,1,E:1 / B:0
Expressing doubt requiring clarification,1,1,E:1 / B:0
Expressing exclamation of understanding,1,1,E:1 / B:0
Expressing expectation of LLM assistance,1,1,E:0 / B:1
Expressing frustration,1,1,E:1 / B:0
Expressing frustration at wasted effort,1,1,E:1 / B:0
Expressing frustration with repeated calculation errors,1,1,E:1 / B:0
Expressing hedged assessment that task requirement is met,1,1,E:0 / B:1
Expressing impasse/lack of ideas,1,1,E:1 / B:0
Expressing inability to find solution path,1,1,E:1 / B:0
Expressing knowledge gap,1,1,E:1 / B:0
Expressing playful confidence via catchphrase,1,1,E:0 / B:1
Expressing reluctance to manually simplify fraction,1,1,E:1 / B:0
Expressing reluctance to solve manually,1,1,E:0 / B:1
Expressing residual doubt about answer,1,1,E:1 / B:0
Expressing sarcastic frustration,1,1,E:1 / B:0
Expressing self-criticism,1,1,E:1 / B:0
Expressing self-doubt,1,1,E:1 / B:0
Expressing self-doubt about approach,1,1,E:1 / B:0
Expressing self-doubt about own approach,1,1,E:1 / B:0
Expressing square root as exponent,1,1,E:1 / B:0
Expressing surprise at interface behavior,1,1,E:0 / B:1
Expressing trust in chatbot-provided method,1,1,E:0 / B:1
Expressing uncertainty,1,1,E:1 / B:0
Expressing uncertainty about approach's usefulness,1,1,E:1 / B:0
Expressing uncertainty about derived formula,1,1,E:1 / B:0
Expressing uncertainty about next step,1,1,E:0 / B:1
Expressing uncertainty about ratio interpretation,1,1,E:1 / B:0
Expressing uncertainty about right angle,1,1,E:1 / B:0
Extending Analogy to Odds Framing,1,1,E:0 / B:1
Extending equal-length assumption to diagonals,1,1,E:1 / B:0
Extending equal-length hypothesis to diagonals,1,1,E:1 / B:0
Extending reasoning toward circle center,1,1,E:1 / B:0
Extracting given diagonal value,1,1,E:0 / B:1
Extracting given information,1,1,E:1 / B:0
Extracting given information from problem statement,1,1,E:0 / B:1
Extracting given values from task,1,1,E:0 / B:1
Finalizing answer,1,1,E:0 / B:1
Finalizing answer via rounding,1,1,E:1 / B:0
Finalizing answer with alternative scope noted,1,1,E:0 / B:1
Flagging Perceived Missing Translation,1,1,E:0 / B:1
Flagging own reasoning as incomplete,1,1,E:0 / B:1
Formalizing problem variables,1,1,E:1 / B:0
Formulating chatbot query,1,1,E:1 / B:0
Formulating chatbot query intent,1,1,E:1 / B:0
Formulating chatbot query with concrete values,1,1,E:1 / B:0
Formulating chatbot query with problem specifics,1,1,E:1 / B:0
Formulating clarification question,1,1,E:1 / B:0
Formulating clarifying question,1,1,E:1 / B:0
Formulating clarifying question for LLM,1,1,E:1 / B:0
Formulating counterpoint to chatbot,1,1,E:0 / B:1
Formulating equation,1,1,E:1 / B:0
Formulating follow-up question for LLM,1,1,E:1 / B:0
Formulating own sub-question,1,1,E:1 / B:0
Formulating problem statement to send to LLM,1,1,E:0 / B:1
Formulating question (how to obtain the angle),1,1,E:1 / B:0
"Formulating question about angle, not yet finalized",1,1,E:1 / B:0
Formulating solution/question strategy,1,1,E:1 / B:0
Formulating verification question for LLM,1,1,E:1 / B:0
Framing image as baseline context for chatbot,1,1,E:1 / B:0
Giving qualified answer to chatbot,1,1,E:1 / B:0
Hedging confidence in interpretation,1,1,E:1 / B:0
Hesitating before formulating question,1,1,E:1 / B:0
Hypothesizing alternative sufficient condition,1,1,E:1 / B:0
Hypothesizing bisection approach,1,1,E:1 / B:0
Hypothesizing diagonal bisection,1,1,E:1 / B:0
Hypothesizing equal-edge property of rhombus,1,1,E:1 / B:0
Hypothesizing full-angle value,1,1,E:1 / B:0
Hypothesizing mathematical concept,1,1,E:1 / B:0
Identifying Shape in Diagram,1,1,E:0 / B:1
Identifying additional unknown quantity,1,1,E:0 / B:1
Identifying applicable theorem per LLM guidance,1,1,E:0 / B:1
Identifying arc as relevant quantity,1,1,E:1 / B:0
Identifying arithmetic mistake,1,1,E:0 / B:1
Identifying element in diagram,1,1,E:1 / B:0
Identifying given side,1,1,E:1 / B:0
Identifying hypotenuse in own triangle,1,1,E:1 / B:0
Identifying knowledge gap,1,1,E:1 / B:0
Identifying known and unknown quantities,1,1,E:0 / B:1
Identifying known triangle side lengths,1,1,E:1 / B:0
Identifying missing information,1,1,E:1 / B:0
Identifying missing information needed (angle),1,1,E:1 / B:0
Identifying missing partial-segment lengths,1,1,E:1 / B:0
Identifying need for formula,1,1,E:0 / B:1
Identifying needed formula,1,1,E:1 / B:0
Identifying next calculation step,1,1,E:1 / B:0
Identifying own calculation error,1,1,E:1 / B:0
Identifying own construction as a linear equation system,1,1,E:0 / B:1
Identifying perpendicularity condition,1,1,E:1 / B:0
Identifying remaining calculation step,1,1,E:0 / B:1
Identifying required multiplication step,1,1,E:1 / B:0
Identifying required variables for calculation,1,1,E:0 / B:1
Identifying solution approach,1,1,E:1 / B:0
Identifying source of confusion,1,1,E:1 / B:0
Identifying source of error,1,1,E:0 / B:1
Identifying sub-triangle with unknown side,1,1,E:1 / B:0
Identifying target quantity,1,1,E:1 / B:0
Identifying target segment on diagram,1,1,E:1 / B:0
Identifying the unknown/goal,1,1,E:1 / B:0
Identifying too many unknowns,1,1,E:1 / B:0
Identifying triangle side (hypotenuse),1,1,E:1 / B:0
Identifying triangle vertices,1,1,E:0 / B:1
Identifying under-determined equation system,1,1,E:0 / B:1
Identifying unknown variable in task,1,1,E:0 / B:1
Identifying unresolved sub-problem (length of AB),1,1,E:0 / B:1
Independently deriving segment length (AN) from given ratios,1,1,E:0 / B:1
"Independently deriving segment lengths (NC, CB) from midpoint relation",1,1,E:0 / B:1
Inferring perpendicularity from distance definition,1,1,E:1 / B:0
Initiating self-questioning about requirements,1,1,E:1 / B:0
Inquiring about answer feedback,1,1,E:1 / B:0
Interpreting LLM's approach of combining triangle equations,1,1,E:0 / B:1
Interpreting LLM's suggestion to subdivide triangle using variables,1,1,E:0 / B:1
Interpreting chatbot question,1,1,E:1 / B:0
Interpreting chatbot's assumption,1,1,E:1 / B:0
Interpreting diagram markings,1,1,E:1 / B:0
Interpreting diagram to confirm given value,1,1,E:1 / B:0
Interpreting geometric properties,1,1,E:1 / B:0
Interpreting geometric relationship from LLM response,1,1,E:0 / B:1
Interpreting problem geometry,1,1,E:0 / B:1
Interpreting result relative to LLM's response,1,1,E:1 / B:0
Interpreting task requirements for perpendicular construction,1,1,E:0 / B:1
Introducing unknown variable and estimating percentage,1,1,E:1 / B:0
Judging chatbot's statement as incorrect,1,1,E:1 / B:0
Judging computed precision as sufficient,1,1,E:0 / B:1
Judging own solving capacity as insufficient,1,1,E:1 / B:0
Judging response as unhelpful,1,1,E:1 / B:0
Judging simplification step as easy,1,1,E:1 / B:0
Justifying Analogy with Total Outcomes,1,1,E:0 / B:1
Labeling diagram points,1,1,E:1 / B:0
Labeling diagram variables,1,1,E:1 / B:0
Labeling diagram vertices,1,1,E:1 / B:0
Labeling geometric points,1,1,E:1 / B:0
Labeling given value in drawing,1,1,E:1 / B:0
Labeling known side lengths on diagram,1,1,E:1 / B:0
Labeling point in drawing,1,1,E:1 / B:0
Labeling sketch elements,1,1,E:0 / B:1
Listing given information,1,1,E:1 / B:0
Locating Translated Text,1,1,E:0 / B:1
Locating calculator function,1,1,E:0 / B:1
Making closing remark with humor,1,1,E:1 / B:0
Making self-deprecating remark,1,1,E:1 / B:0
Mapping values onto Pythagorean formula,1,1,E:1 / B:0
Marking identified triangle on sketch,1,1,E:0 / B:1
Marking right angles on diagram,1,1,E:1 / B:0
Matching givens to determinacy case,1,1,E:1 / B:0
Matching result to multiple-choice option,1,1,E:1 / B:0
Miscalculating radius value,1,1,E:1 / B:0
Misreading LLM step aloud,1,1,E:1 / B:0
Misreading given value,1,1,E:1 / B:0
Monitoring for further solving steps from LLM,1,1,E:0 / B:1
Naming result with notation,1,1,E:1 / B:0
Naming verification tool,1,1,E:0 / B:1
Navigating chatbot interface,1,1,E:0 / B:1
Noticing calculation-result mismatch,1,1,E:0 / B:1
Noticing chatbot's reasoning process displayed,1,1,E:1 / B:0
Noticing inconsistency in own reasoning,1,1,E:1 / B:0
Noting answer-option format discrepancy,1,1,E:0 / B:1
Noting bilingual task text,1,1,E:1 / B:0
Noting chatbot repeating already-completed step,1,1,E:1 / B:0
Noting chatbot's request as already addressed,1,1,E:1 / B:0
Noting discrepancy in computed result relative to closest candidate value,1,1,E:0 / B:1
Noting given segment length MN,1,1,E:1 / B:0
Noting given side lengths,1,1,E:1 / B:0
Noting image upload option,1,1,E:1 / B:0
Noting mismatch between own result format and answer options,1,1,E:0 / B:1
Noting new chat session,1,1,E:1 / B:0
Noting right angle at P,1,1,E:1 / B:0
Noting spelling to fix later,1,1,E:1 / B:0
Noting task language mismatch,1,1,E:1 / B:0
Observing LLM's algebraic rearrangement,1,1,E:0 / B:1
Obtaining final result,1,1,E:1 / B:0
Orienting to circle diagram,1,1,E:1 / B:0
Orienting to new task,1,1,E:1 / B:0
Orienting to new task figure,1,1,E:1 / B:0
Orienting to task before solving,1,1,E:0 / B:1
Paraphrasing chatbot's response and answering,1,1,E:1 / B:0
Parsing formula with clarified symbol,1,1,E:1 / B:0
"Parsing formula, identifying target variable",1,1,E:1 / B:0
Pausing to re-verify assumption,1,1,E:0 / B:1
Perceiving chatbot as stuck/unresponsive,1,1,E:1 / B:0
Performing Pythagorean calculation,1,1,E:1 / B:0
"Performing Pythagorean calculation step (verbal slip, self-corrected in 025.24–025.28)",1,1,E:0 / B:1
Performing final calculation,1,1,E:1 / B:0
Performing intermediate calculation,1,1,E:1 / B:0
Performing manual calculation,1,1,E:0 / B:1
Performing radian conversion calculation,1,1,E:0 / B:1
Performing substitution,1,1,E:1 / B:0
Performing substitution with erroneous expression,1,1,E:1 / B:0
Performing verification calculation,1,1,E:0 / B:1
Placing point N on diagram,1,1,E:1 / B:0
Placing point P on segment AB,1,1,E:1 / B:0
Planning algebraic manipulation,1,1,E:1 / B:0
Planning auxiliary construction,1,1,E:1 / B:0
Planning calculation approach,1,1,E:1 / B:0
Planning degree-to-radian conversion,1,1,E:0 / B:1
Planning further rearrangement,1,1,E:1 / B:0
Planning message content for LLM,1,1,E:1 / B:0
Planning message drafting,1,1,E:1 / B:0
Planning next calculation step (tangent),1,1,E:1 / B:0
Planning own solution approach,1,1,E:1 / B:0
Planning ratio-based calculation,1,1,E:1 / B:0
Planning solution approach,1,1,E:0 / B:1
Planning substitution into equation,1,1,E:1 / B:0
Planning to apply Pythagorean theorem,1,1,E:1 / B:0
Planning to cancel shared x² term,1,1,E:1 / B:0
Planning to compute numeric powers,1,1,E:1 / B:0
Planning to compute segment via subtraction,1,1,E:1 / B:0
Planning to derive analogous constraint for a,1,1,E:1 / B:0
Planning to isolate variable,1,1,E:1 / B:0
Planning to rearrange both formulas,1,1,E:1 / B:0
Planning to reference earlier LLM step,1,1,E:1 / B:0
Planning to sketch diagram,1,1,E:1 / B:0
Planning to verify interpretation,1,1,E:1 / B:0
Planning to visualize problem,1,1,E:1 / B:0
Positively evaluating LLM response,1,1,E:1 / B:0
Predicting elimination of variable,1,1,E:1 / B:0
Predicting equations equal zero,1,1,E:1 / B:0
Proposing Calculation Approach,1,1,E:0 / B:1
Proposing approach for LLM verification,1,1,E:1 / B:0
Proposing hypothesis to LLM for verification,1,1,E:1 / B:0
Proposing initial solution approach,1,1,E:1 / B:0
Proposing own hypothesis about symmetry,1,1,E:1 / B:0
Proposing own hypothesis to LLM,1,1,E:1 / B:0
Proposing solution approach,1,1,E:1 / B:0
Proposing trigonometric solution strategy,1,1,E:1 / B:0
Providing combined equation relating x and y,1,1,E:0 / B:1
Providing equation for triangle ACP,1,1,E:0 / B:1
Providing equation for triangle BCP,1,1,E:0 / B:1
Qualifying own knowledge in response to chatbot,1,1,E:1 / B:0
Querying LLM about triangle-determination requirements,1,1,E:1 / B:0
Querying LLM for circle-circumference formula,1,1,E:1 / B:0
Querying chatbot for formula,1,1,E:0 / B:1
Querying chatbot for solution method,1,1,E:0 / B:1
Questioning LLM's stated ratio,1,1,E:1 / B:0
Questioning Own Result,1,1,E:0 / B:1
Questioning angle notation,1,1,E:1 / B:0
Questioning file selection relevance,1,1,E:0 / B:1
Questioning geometric property of figure,1,1,E:0 / B:1
Questioning input formatting,1,1,E:1 / B:0
Questioning own assumption,1,1,E:0 / B:1
Questioning own calculation,1,1,E:0 / B:1
Questioning own notation understanding,1,1,E:1 / B:0
Questioning ratio direction,1,1,E:1 / B:0
Questioning recall of formula,1,1,E:0 / B:1
Questioning solution-validation procedure,1,1,E:1 / B:0
Questioning task terminology,1,1,E:0 / B:1
Questioning the ratio relationships,1,1,E:1 / B:0
Questioning triangle's right-angle assumption,1,1,E:0 / B:1
Questioning unfamiliar notation symbol,1,1,E:0 / B:1
Questioning variable notation,1,1,E:0 / B:1
Quoting LLM instruction,1,1,E:1 / B:0
Re-checking original task statement,1,1,E:1 / B:0
Re-confirming given value,1,1,E:1 / B:0
Re-examining diagram values,1,1,E:0 / B:1
Re-orienting to Task Question,1,1,E:0 / B:1
Re-orienting to Task via Key Term Repetition,1,1,E:0 / B:1
Re-questioning Ratio Meaning,1,1,E:0 / B:1
Re-reading LLM guidance aloud,1,1,E:1 / B:0
Re-reading and clarifying task description,1,1,E:1 / B:0
"Re-reading chatbot response, self-correcting terminology",1,1,E:1 / B:0
Re-reading chatbot's hint,1,1,E:1 / B:0
Re-reading chatbot's question before returning to it,1,1,E:1 / B:0
Re-reading chatbot's question for emphasis,1,1,E:1 / B:0
Re-reading chatbot's question while composing reply,1,1,E:1 / B:0
Re-reading target question,1,1,E:1 / B:0
Re-reading task constraints,1,1,E:1 / B:0
Re-reading task question to check answer scope,1,1,E:0 / B:1
Re-reading task statement aloud,1,1,E:1 / B:0
Re-reading task to verify,1,1,E:0 / B:1
Re-strategizing after rejecting approach,1,1,E:0 / B:1
Reading LLM correction aloud and acknowledging,1,1,E:1 / B:0
Reading LLM instruction aloud and acknowledging,1,1,E:1 / B:0
Reading and interpreting task variables,1,1,E:1 / B:0
Reading chatbot's derived relation,1,1,E:1 / B:0
Reading chatbot's follow-up instruction,1,1,E:1 / B:0
Reading chatbot's hint,1,1,E:1 / B:0
Reading chatbot's instruction to solve for x,1,1,E:1 / B:0
Reading chatbot's listed hints,1,1,E:1 / B:0
Reading chatbot's response prompt,1,1,E:1 / B:0
Reading chatbot's restated equations,1,1,E:1 / B:0
Reading chatbot's restated givens,1,1,E:1 / B:0
Reading chatbot's stated assumption,1,1,E:1 / B:0
Reading chatbot's stated next-step goal,1,1,E:1 / B:0
Reading chatbot's suggested method,1,1,E:1 / B:0
Reading chatbot's suggested next step,1,1,E:1 / B:0
Reading chatbot's suggested rearrangement,1,1,E:1 / B:0
Reading chatbot's suggested sub-step,1,1,E:1 / B:0
Reading formula aloud,1,1,E:1 / B:0
Reading given ratio aloud,1,1,E:0 / B:1
Reading given values aloud,1,1,E:1 / B:0
Reading task givens,1,1,E:1 / B:0
Reading task goal aloud,1,1,E:1 / B:0
Reading task statement,1,1,E:1 / B:0
Reaffirming LLM's triangle-construction claim,1,1,E:0 / B:1
Reaffirming confidence in bisection hypothesis,1,1,E:1 / B:0
Reaffirming constraint that b is positive,1,1,E:1 / B:0
Reaffirming initial guess,1,1,E:1 / B:0
Reaffirming known percentage equivalence,1,1,E:1 / B:0
Reaffirming part-whole relationship,1,1,E:1 / B:0
Reaffirming perpendicularity condition,1,1,E:1 / B:0
Reaffirming right-triangle choice over alternative,1,1,E:1 / B:0
Realizing Answer to Chatbot's Guiding Question,1,1,E:0 / B:1
Rearranging equation algebraically,1,1,E:1 / B:0
Rearranging equations to isolate terms,1,1,E:1 / B:0
Rearranging first equation,1,1,E:1 / B:0
Rearranging second equation,1,1,E:1 / B:0
Reasoning about diagonal-length implications,1,1,E:1 / B:0
Reasoning about geometric property,1,1,E:0 / B:1
Reasoning about given figure,1,1,E:1 / B:0
Reasoning about given vs. derivable quantities,1,1,E:1 / B:0
Reasoning about positivity from squaring,1,1,E:1 / B:0
Reasoning about relative point positions,1,1,E:1 / B:0
Reasoning about relevant quantity,1,1,E:1 / B:0
Reasoning by Analogy to Dice Probability,1,1,E:0 / B:1
Reasoning through ratio with analogy,1,1,E:1 / B:0
Reasoning toward halving the chord,1,1,E:1 / B:0
Reasoning toward perimeter using side symmetry,1,1,E:0 / B:1
Reassessing available information,1,1,E:1 / B:0
Reassessing sufficiency of information,1,1,E:1 / B:0
Reassessing variable assignment,1,1,E:1 / B:0
Recalculating with corrected formula,1,1,E:0 / B:1
Recalling Pythagorean theorem for calculation,1,1,E:0 / B:1
Recalling Pythagorean theorem formula,1,1,E:1 / B:0
Recalling boundary computation,1,1,E:1 / B:0
Recalling candidate answer (incorrect),1,1,E:1 / B:0
Recalling candidate formula,1,1,E:1 / B:0
Recalling chatbot's labeling of points,1,1,E:0 / B:1
Recalling diameter concept,1,1,E:1 / B:0
Recalling diameter-radius relationship,1,1,E:1 / B:0
Recalling formula (possibly incorrect),1,1,E:0 / B:1
Recalling formula from memory,1,1,E:1 / B:0
Recalling formula with self-doubt,1,1,E:1 / B:0
Recalling given value,1,1,E:1 / B:0
Recalling original Pythagorean equations,1,1,E:1 / B:0
Recalling previously derived squared terms,1,1,E:1 / B:0
Recalling radius value,1,1,E:0 / B:1
Recalling relevant theorem,1,1,E:1 / B:0
Recalling trigonometric formula (cosine),1,1,E:1 / B:0
Recognizing LLM's triangle-construction step,1,1,E:0 / B:1
Recognizing Pythagorean theorem applicability,1,1,E:1 / B:0
Recognizing applicable method,1,1,E:1 / B:0
Recognizing applicable rule-of-three method,1,1,E:1 / B:0
Recognizing calculation error against answer options,1,1,E:1 / B:0
Recognizing calculation inconsistency,1,1,E:1 / B:0
Recognizing cancellation of CP² term across equations,1,1,E:0 / B:1
Recognizing diagram setup,1,1,E:1 / B:0
Recognizing familiar problem pattern,1,1,E:1 / B:0
Recognizing handwriting-induced transcription error,1,1,E:1 / B:0
Recognizing mismatch between computed quantity and goal,1,1,E:1 / B:0
Recognizing need for formula,1,1,E:1 / B:0
Recognizing need to solve equation system,1,1,E:0 / B:1
Recognizing own reasoning dead-end,1,1,E:1 / B:0
Recognizing own sign error,1,1,E:1 / B:0
Recognizing ratio-as-fraction insight,1,1,E:1 / B:0
Recognizing restated task in reasoning,1,1,E:1 / B:0
Recognizing resulting constraint system,1,1,E:1 / B:0
Recognizing unit error (radians vs. degrees),1,1,E:1 / B:0
Recognizing unresolved variable b in solution,1,1,E:1 / B:0
Recomputing Pythagorean equation,1,1,E:1 / B:0
Recomputing and confirming result,1,1,E:1 / B:0
Recomputing ratio manually to verify,1,1,E:0 / B:1
Recomputing squares step by step,1,1,E:1 / B:0
Reconfirming final answer,1,1,E:0 / B:1
Recording bound for x on paper,1,1,E:1 / B:0
Recording calculated radian value,1,1,E:0 / B:1
Recording computed result,1,1,E:0 / B:1
Recording expression on paper,1,1,E:1 / B:0
Recording given ratio,1,1,E:1 / B:0
Recording given value,1,1,E:1 / B:0
Recording given values,1,1,E:1 / B:0
Recording mapped value with uncertainty,1,1,E:1 / B:0
Recording segment value,1,1,E:1 / B:0
Recounting LLM's earlier reasoning,1,1,E:1 / B:0
Recounting LLM's earlier response,1,1,E:1 / B:0
Redoing calculation,1,1,E:0 / B:1
Redrawing diagram to organize reasoning,1,1,E:1 / B:0
Referencing chatbot's reasoning process (CoT),1,1,E:1 / B:0
Referencing prior LLM statement in message,1,1,E:1 / B:0
Referencing response's suggestion,1,1,E:0 / B:1
Reflecting on calculator use,1,1,E:0 / B:1
Reflecting on chatbot reliance strategy,1,1,E:1 / B:0
Reflecting on earlier misunderstanding,1,1,E:1 / B:0
Reflecting on own reasoning capability relative to chatbot,1,1,E:1 / B:0
Reflecting on solving the task without chatbot assistance,1,1,E:1 / B:0
Reflecting on time taken,1,1,E:0 / B:1
Reflecting on value of writing out steps for error-checking,1,1,E:1 / B:0
Reformatting numbers into exponent form,1,1,E:1 / B:0
Reformulating own sub-question,1,1,E:1 / B:0
Reformulating problem goal,1,1,E:1 / B:0
Reformulating ratio relationship,1,1,E:1 / B:0
Reframing distance as triangle height,1,1,E:1 / B:0
Registering LLM's suggested third equation,1,1,E:0 / B:1
Rehearsing request to LLM,1,1,E:1 / B:0
Reiterating Difficulty Articulating Thoughts,1,1,E:0 / B:1
Reiterating belief in existence of formula,1,1,E:1 / B:0
Reiterating chatbot's helpfulness,1,1,E:1 / B:0
Reiterating lack of formula knowledge,1,1,E:1 / B:0
Rejecting incorrect formula recall,1,1,E:1 / B:0
Rejecting own hypothesis,1,1,E:1 / B:0
Rejecting shortcut as against task purpose,1,1,E:0 / B:1
Relating angle to full-circle degrees,1,1,E:1 / B:0
Relaying task prompt to LLM,1,1,E:0 / B:1
Repeating LLM's guiding question,1,1,E:1 / B:0
Repeating ratio hypothesis aloud,1,1,E:1 / B:0
Repeating rehearsed request,1,1,E:1 / B:0
Reporting accidental keypress,1,1,E:1 / B:0
Reporting calculation result to LLM,1,1,E:1 / B:0
Reporting calculator's computed result,1,1,E:1 / B:0
Reporting completion of steps and requesting next steps,1,1,E:0 / B:1
Reporting result and method to LLM,1,1,E:1 / B:0
Requesting Clarification on Diagram Labeling,1,1,E:0 / B:1
Requesting Clarification on Diagram Orientation,1,1,E:0 / B:1
Requesting LLM to solve constructed equation system,1,1,E:0 / B:1
Requesting adjusted formula from LLM,1,1,E:1 / B:0
Requesting approach from LLM,1,1,E:1 / B:0
Requesting clarification from chatbot,1,1,E:1 / B:0
Requesting confirmation of recalled formula,1,1,E:1 / B:0
Requesting formula confirmation from chatbot,1,1,E:1 / B:0
Requesting formula for AP and PB from LLM,1,1,E:0 / B:1
Requesting help identifying triangle sides,1,1,E:1 / B:0
Requesting help locating error,1,1,E:1 / B:0
Requesting method for finding AB length,1,1,E:0 / B:1
Requesting navigation instruction,1,1,E:1 / B:0
Requesting next steps from LLM,1,1,E:1 / B:0
Requesting solution formula from LLM,1,1,E:0 / B:1
Requesting solution verification from LLM,1,1,E:0 / B:1
Requesting suggestion for resolving underdetermined system,1,1,E:0 / B:1
Requesting technical/keyboard assistance (off-task),1,1,E:1 / B:0
Requesting to view answer options,1,1,E:0 / B:1
Requesting to view task image,1,1,E:0 / B:1
Restating LLM clarification on diagonal inequality,1,1,E:1 / B:0
Restating LLM confirmation of edge equality,1,1,E:1 / B:0
Restating LLM response and admitting formula unfamiliarity,1,1,E:1 / B:0
Restating LLM-provided information,1,1,E:1 / B:0
Restating bound for b with increased confidence,1,1,E:1 / B:0
Restating bounds for a with simplification,1,1,E:1 / B:0
Restating bounds for b,1,1,E:1 / B:0
Restating calculation,1,1,E:1 / B:0
Restating calculation method,1,1,E:1 / B:0
Restating computed equation,1,1,E:1 / B:0
Restating corrected expression,1,1,E:1 / B:0
Restating derived bound for x for emphasis,1,1,E:1 / B:0
Restating derived expression,1,1,E:1 / B:0
Restating equation,1,1,E:1 / B:0
Restating equation with typo,1,1,E:1 / B:0
Restating given length and computing half,1,1,E:1 / B:0
Restating given point definition,1,1,E:1 / B:0
Restating given value from problem figure,1,1,E:1 / B:0
Restating given values and goal,1,1,E:1 / B:0
Restating goal and rearrangement plan,1,1,E:1 / B:0
Restating hypothesized answer prior to full verification,1,1,E:0 / B:1
Restating intended request to chatbot,1,1,E:1 / B:0
Restating known quantity,1,1,E:1 / B:0
Restating known values,1,1,E:1 / B:0
Restating known versus unknown values,1,1,E:0 / B:1
Restating original equations,1,1,E:1 / B:0
Restating planned approach,1,1,E:1 / B:0
Restating point definitions,1,1,E:1 / B:0
Restating problem goal,1,1,E:1 / B:0
Restating problem in own words,1,1,E:1 / B:0
Restating problem parameters,1,1,E:1 / B:0
Restating problem statement,1,1,E:1 / B:0
Restating problem-solving goal,1,1,E:1 / B:0
Restating ratio conclusion,1,1,E:1 / B:0
Restating response's reasoning,1,1,E:0 / B:1
Restating sub-question,1,1,E:1 / B:0
Restating target unknown,1,1,E:1 / B:0
Restating target variable,1,1,E:1 / B:0
Restating task question and given ratio,1,1,E:1 / B:0
Restating total parts,1,1,E:1 / B:0
Restating value for calculation input,1,1,E:1 / B:0
Resuming Calculation with Given Value,1,1,E:0 / B:1
Retrieving calculator tool,1,1,E:0 / B:1
Returning to chatbot with constraint-based reasoning,1,1,E:1 / B:0
Reusing previous equation content,1,1,E:1 / B:0
Reviewing available givens,1,1,E:1 / B:0
Reviewing chatbot's worked example,1,1,E:1 / B:0
Reviewing earlier notes,1,1,E:1 / B:0
Reviewing given value,1,1,E:1 / B:0
Reviewing known base segments,1,1,E:1 / B:0
Reviewing prior notes for constraints,1,1,E:1 / B:0
Rounding result to select answer,1,1,E:1 / B:0
Searching for calculation error,1,1,E:1 / B:0
Searching for calculator tool,1,1,E:1 / B:0
Seeking clarification of terminology,1,1,E:0 / B:1
Seeking confirmation of given value,1,1,E:1 / B:0
Seeking explicit confirmation of diagonal inequality,1,1,E:1 / B:0
Seeking expression relating a and b,1,1,E:1 / B:0
Seeking mental representation of problem,1,1,E:1 / B:0
Selecting Pythagorean Theorem Approach,1,1,E:0 / B:1
Selecting answer based on derived bound,1,1,E:1 / B:0
Selecting closest-matching answer,1,1,E:1 / B:0
Selecting final answer despite imprecision,1,1,E:0 / B:1
Selecting solution method,1,1,E:0 / B:1
Self-Correcting Ratio Interpretation,1,1,E:0 / B:1
Self-affirming result plausibility,1,1,E:1 / B:0
Self-correcting by taking square root,1,1,E:0 / B:1
Self-correcting calculation approach,1,1,E:1 / B:0
Self-correcting geometric understanding,1,1,E:0 / B:1
Self-correcting given value,1,1,E:1 / B:0
Self-correcting interpretation,1,1,E:1 / B:0
Self-correcting miscalculation,1,1,E:1 / B:0
Self-correcting stated values,1,1,E:1 / B:0
Self-correcting terminology,1,1,E:1 / B:0
Self-correcting terminology (Kreis → Umfang des Kreises),1,1,E:1 / B:0
Self-correcting tool terminology,1,1,E:0 / B:1
Self-correcting triangle-count reasoning,1,1,E:0 / B:1
Self-criticizing,1,1,E:0 / B:1
Self-verifying own claim,1,1,E:1 / B:0
Sending clarifying question to LLM,1,1,E:1 / B:0
Setting up Pythagorean equation,1,1,E:1 / B:0
Setting up Pythagorean equation (cont.),1,1,E:1 / B:0
Setting up Pythagorean equation for triangle APC,1,1,E:1 / B:0
Setting up calculation,1,1,E:0 / B:1
Setting up equation,1,1,E:1 / B:0
Setting up equation for second triangle,1,1,E:1 / B:0
Setting up equation for unknown,1,1,E:1 / B:0
Setting up equation to solve for AB,1,1,E:1 / B:0
Setting up triangle side lengths,1,1,E:1 / B:0
Setting up unknown as variable x,1,1,E:1 / B:0
Signaling Uncertainty While Continuing,1,1,E:0 / B:1
Signaling intent to work independently,1,1,E:1 / B:0
Signaling reflection pause,1,1,E:0 / B:1
Signaling task completion,1,1,E:1 / B:0
Simplifying fraction,1,1,E:1 / B:0
Simplifying fraction further,1,1,E:1 / B:0
Simplifying squared-root expression,1,1,E:1 / B:0
Sketching diagram,1,1,E:1 / B:0
Sketching diagram on paper,1,1,E:0 / B:1
Sketching diagram with given points,1,1,E:1 / B:0
Sketching triangle,1,1,E:1 / B:0
Skipping intermediate steps,1,1,E:0 / B:1
Solving corrected equation,1,1,E:1 / B:0
Solving equation (erroneous),1,1,E:1 / B:0
Solving equation for x,1,1,E:1 / B:0
Solving equations for x,1,1,E:1 / B:0
Solving for unknown and entering answer,1,1,E:1 / B:0
Specifying angle vertex,1,1,E:1 / B:0
Specifying correct right-angle location,1,1,E:1 / B:0
Specifying outer edges as equal,1,1,E:1 / B:0
Specifying requested formula,1,1,E:1 / B:0
Specifying triangle side lengths,1,1,E:1 / B:0
Speculating about additional required information,1,1,E:1 / B:0
Stating Computed Angle Value,1,1,E:0 / B:1
Stating calculation goal,1,1,E:1 / B:0
Stating calculation result,1,1,E:1 / B:0
Stating calculation target,1,1,E:1 / B:0
Stating computed answer,1,1,E:1 / B:0
Stating computed result,1,1,E:0 / B:1
Stating computed segment value,1,1,E:1 / B:0
Stating interpretation and question to LLM,1,1,E:1 / B:0
Stating problem constraint to LLM,1,1,E:1 / B:0
Stating problem goal,1,1,E:1 / B:0
Stating ratio to LLM,1,1,E:1 / B:0
Stating side calculation,1,1,E:1 / B:0
Stating verification goal,1,1,E:0 / B:1
Struggling with image-paste interface,1,1,E:1 / B:0
Submitting answer to chatbot,1,1,E:1 / B:0
Submitting bounding argument to chatbot,1,1,E:1 / B:0
Submitting clarification query to LLM,1,1,E:1 / B:0
Submitting combined equation to chatbot,1,1,E:1 / B:0
Submitting computed simplification to chatbot,1,1,E:1 / B:0
Submitting corrected expression to chatbot,1,1,E:1 / B:0
Submitting derived bound for x to chatbot,1,1,E:1 / B:0
Submitting derived equations to chatbot,1,1,E:1 / B:0
Submitting derived expression to chatbot,1,1,E:1 / B:0
Submitting edge-equality hypothesis to LLM,1,1,E:1 / B:0
Submitting method hypothesis for confirmation,1,1,E:1 / B:0
Submitting question to chatbot (how to determine the angle),1,1,E:1 / B:0
Submitting rearranged equation to chatbot,1,1,E:1 / B:0
Submitting reformatted equation to chatbot for confirmation,1,1,E:1 / B:0
Submitting request for third-side calculation method,1,1,E:1 / B:0
Submitting scope-clarification question to LLM,1,1,E:1 / B:0
Submitting simplified equation with explanation,1,1,E:1 / B:0
Submitting solved expression for x to chatbot,1,1,E:1 / B:0
Submitting substituted equation to chatbot,1,1,E:1 / B:0
Submitting task query to chatbot,1,1,E:1 / B:0
Submitting understanding gap to LLM,1,1,E:1 / B:0
Substituting given numeric value,1,1,E:1 / B:0
Substituting given value into equation,1,1,E:1 / B:0
"Substituting radius value, referencing calculator",1,1,E:1 / B:0
Substituting symbol with task variable,1,1,E:1 / B:0
Summarizing conceptual understanding vs. calculation gap,1,1,E:1 / B:0
Summarizing derived formulas for a and x,1,1,E:1 / B:0
Summarizing given task information,1,1,E:0 / B:1
Summing known segments,1,1,E:1 / B:0
Summing squared values,1,1,E:0 / B:1
Switching to calculator for computation,1,1,E:0 / B:1
Taking square root to reach final answer,1,1,E:1 / B:0
Tentatively confirming equal-edge hypothesis,1,1,E:1 / B:0
Tentatively formulating equation terms,1,1,E:1 / B:0
Testing alternative value,1,1,E:1 / B:0
Testing hypothesis by manual calculation,1,1,E:1 / B:0
Testing whether chatbot accepts correction,1,1,E:1 / B:0
Thanking Chatbot,1,1,E:0 / B:1
Trailing Off Into Silent Thought,1,1,E:0 / B:1
Transcribing equation onto paper,1,1,E:1 / B:0
Transcribing rearranged equation onto paper,1,1,E:1 / B:0
Transitioning to next task,1,1,E:0 / B:1
Transitioning to typing solution in chat,1,1,E:0 / B:1
Trying alternative scaling approach,1,1,E:1 / B:0
Understanding response's reasoning,1,1,E:0 / B:1
Understanding task number reference,1,1,E:0 / B:1
Updating formula based on chatbot correction,1,1,E:1 / B:0
Using analogy to describe shape,1,1,E:1 / B:0
Using calculator tool,1,1,E:0 / B:1
Validating own prior knowledge against response,1,1,E:1 / B:0
Validating viability of chatbot's suggested approach,1,1,E:0 / B:1
Valuing chatbot assistance,1,1,E:1 / B:0
Verifying answer against original Pythagorean equation,1,1,E:1 / B:0
Verifying answer via substitution,1,1,E:1 / B:0
Verifying problem-setup assumptions before solving,1,1,E:0 / B:1
Verifying right-angle assumption,1,1,E:1 / B:0
Visualizing geometric structure,1,1,E:1 / B:0
Visualizing problem setup,1,1,E:1 / B:0
Vocalizing Numbers Mid-Calculation,1,1,E:0 / B:1
Voicing Confusion About Ratio Meaning,1,1,E:0 / B:1
Weighing alternative solving strategies,1,1,E:1 / B:0
Writing full substituted formula,1,1,E:1 / B:0
Writing second Pythagorean equation,1,1,E:1 / B:0
accepting LLM's classification,1,1,E:0 / B:1
acknowledging forgotten math knowledge,1,1,E:0 / B:1
acknowledging imprecision of own drawing,1,1,E:0 / B:1
acknowledging need to refresh knowledge,1,1,E:0 / B:1
admitting forgotten knowledge,1,1,E:0 / B:1
adopting stepwise problem-solving approach,1,1,E:0 / B:1
agreeing with assessment of insufficiency,1,1,E:0 / B:1
anticipating extended task duration,1,1,E:0 / B:1
applying definition to classify AB,1,1,E:0 / B:1
asking about calculator fraction feature location,1,1,E:0 / B:1
asking about calculator input functionality,1,1,E:0 / B:1
asking about remaining time,1,1,E:0 / B:1
asserting semantic distinction,1,1,E:0 / B:1
attributing computational capability to the calculator,1,1,E:0 / B:1
attributing difficulty to own oversight,1,1,E:0 / B:1
attributing image access to LLM,1,1,E:0 / B:1
attributing offloading to own laziness,1,1,E:0 / B:1
checking alignment with LLM's question,1,1,E:0 / B:1
checking own translation comprehension,1,1,E:0 / B:1
checking response matches own statement,1,1,E:0 / B:1
checking wording equivalence with response,1,1,E:0 / B:1
clarifying fraction bar notation,1,1,E:0 / B:1
clarifying intended request to LLM,1,1,E:0 / B:1
clarifying interface action,1,1,E:0 / B:1
clarifying spatial understanding,1,1,E:0 / B:1
computing value using confirmed relation,1,1,E:0 / B:1
concluding calculation result,1,1,E:0 / B:1
confirming LLM computed the answer,1,1,E:0 / B:1
confirming coherence of response,1,1,E:0 / B:1
confirming derived values,1,1,E:0 / B:1
confirming detail against task text,1,1,E:0 / B:1
confirming known element from figure,1,1,E:0 / B:1
confirming known value,1,1,E:0 / B:1
confirming own calculated result,1,1,E:0 / B:1
confirming point position,1,1,E:0 / B:1
confirming recollection of interface shortcut,1,1,E:0 / B:1
confirming task identity,1,1,E:0 / B:1
confirming understood element,1,1,E:0 / B:1
considering asking LLM for clarification,1,1,E:0 / B:1
considering coordinate-system approach,1,1,E:0 / B:1
considering researching specific concept,1,1,E:0 / B:1
considering self-teaching vector analysis,1,1,E:0 / B:1
considering switching to vector-based approach,1,1,E:0 / B:1
counting out coordinate positions,1,1,E:0 / B:1
deciding to ask explicit verification question,1,1,E:0 / B:1
deciding to consult LLM due to confusion,1,1,E:0 / B:1
deciding to draw diagram to organize understanding,1,1,E:0 / B:1
deciding to proceed despite uncertainty,1,1,E:0 / B:1
deciding to re-read response,1,1,E:0 / B:1
deciding to request verification of own calculation,1,1,E:0 / B:1
declaring sequential reading strategy,1,1,E:0 / B:1
declining to provide requested value,1,1,E:0 / B:1
decoding notation meaning,1,1,E:0 / B:1
deferring own reasoning to consult LLM first,1,1,E:0 / B:1
deliberating how to phrase query to LLM,1,1,E:0 / B:1
deriving final answer through independent calculation,1,1,E:0 / B:1
deriving locus as circle around point,1,1,E:0 / B:1
deriving midpoint value,1,1,E:0 / B:1
deriving spatial position,1,1,E:0 / B:1
deriving value from calculation,1,1,E:0 / B:1
determining fraction notation for input,1,1,E:0 / B:1
dictating punctuation for message,1,1,E:0 / B:1
entering fraction value into calculator,1,1,E:0 / B:1
evaluating response as repetitive and unhelpful,1,1,E:0 / B:1
evaluating response as unusable,1,1,E:0 / B:1
expressing anxiety about math topic,1,1,E:0 / B:1
expressing aversion to equation rearrangement,1,1,E:0 / B:1
expressing being stuck,1,1,E:0 / B:1
expressing confusion,1,1,E:0 / B:1
expressing confusion about which value to use,1,1,E:0 / B:1
expressing confusion at response,1,1,E:0 / B:1
expressing dawning comprehension,1,1,E:0 / B:1
expressing frustration at response,1,1,E:0 / B:1
expressing lack of understanding of task difficulty,1,1,E:0 / B:1
expressing need to clarify ratio notation,1,1,E:0 / B:1
expressing performance anxiety,1,1,E:0 / B:1
expressing satisfaction at success,1,1,E:0 / B:1
expressing satisfaction with outcome,1,1,E:0 / B:1
expressing surprise at expected LLM behavior,1,1,E:0 / B:1
extracting key point from response,1,1,E:0 / B:1
forming alternative hypothesis,1,1,E:0 / B:1
formulating observation for LLM,1,1,E:0 / B:1
formulating open-ended query to LLM,1,1,E:0 / B:1
hedging alternate interpretation of feedback,1,1,E:0 / B:1
hedging confidence in own observation,1,1,E:0 / B:1
identifying conceptual impasse,1,1,E:0 / B:1
identifying excessive unresolved variables as barrier,1,1,E:0 / B:1
identifying needed element,1,1,E:0 / B:1
identifying own limitation for LLM,1,1,E:0 / B:1
identifying target variable CP,1,1,E:0 / B:1
identifying triangle vertex,1,1,E:0 / B:1
identifying unknown value,1,1,E:0 / B:1
improvising interface workaround,1,1,E:0 / B:1
inferring own limitation logically,1,1,E:0 / B:1
informing LLM of inability to determine value,1,1,E:0 / B:1
initiating self-correction of misremembered response,1,1,E:0 / B:1
justifying request to locate own reasoning error,1,1,E:0 / B:1
locating previously missed information,1,1,E:0 / B:1
mapping percentage scale to actual lengths,1,1,E:0 / B:1
noting LLM's failure to fulfill request,1,1,E:0 / B:1
noting continuation of drawing,1,1,E:0 / B:1
noting final confirmation of correctness,1,1,E:0 / B:1
noting instruction to continue reading,1,1,E:0 / B:1
noting problem solved without consulting LLM,1,1,E:0 / B:1
noting unspecified position of point N,1,1,E:0 / B:1
performing arithmetic calculation aloud,1,1,E:0 / B:1
performing own calculation,1,1,E:0 / B:1
performing own calculation reasoning,1,1,E:0 / B:1
placing point C,1,1,E:0 / B:1
predicting own approach will fail,1,1,E:0 / B:1
prioritizing calculation method over own derivation,1,1,E:0 / B:1
proposing calculated answer to LLM for verification,1,1,E:0 / B:1
providing missing value to LLM,1,1,E:0 / B:1
providing requested value to LLM,1,1,E:0 / B:1
qualifying uncertainty about method,1,1,E:0 / B:1
questioning LLM's epistemic basis for claim,1,1,E:0 / B:1
questioning characterization of task difficulty,1,1,E:0 / B:1
questioning own mental block,1,1,E:0 / B:1
questioning own progress feasibility,1,1,E:0 / B:1
questioning referent of fraction,1,1,E:0 / B:1
questioning whether LLM will compute answer independently,1,1,E:0 / B:1
re-checking alternate definition,1,1,E:0 / B:1
re-checking definition against situation,1,1,E:0 / B:1
reacting positively to discovering calculator feature,1,1,E:0 / B:1
reading calculator display value,1,1,E:0 / B:1
"reading response aloud, trailing into doubt",1,1,E:0 / B:1
reading response evaluation aloud,1,1,E:0 / B:1
reading response step aloud,1,1,E:0 / B:1
reading task element aloud,1,1,E:0 / B:1
reading task given value aloud,1,1,E:0 / B:1
reaffirming derived answer,1,1,E:0 / B:1
realizing meaning of clarification,1,1,E:0 / B:1
realizing meaning of instruction,1,1,E:0 / B:1
recalling coordinate axis orientation,1,1,E:0 / B:1
recalling earlier partial-correctness feedback,1,1,E:0 / B:1
recognizing definitional mismatch,1,1,E:0 / B:1
recognizing required math operation,1,1,E:0 / B:1
recognizing terminology gap,1,1,E:0 / B:1
reflecting on being out of practice,1,1,E:0 / B:1
reflecting on wasted time from prior task,1,1,E:0 / B:1
reiterating expectation of full LLM assistance,1,1,E:0 / B:1
reiterating observation of inconsistent feedback across turns,1,1,E:0 / B:1
reiterating spatial restatement,1,1,E:0 / B:1
reiterating task element,1,1,E:0 / B:1
reporting persistent confusion,1,1,E:0 / B:1
requesting LLM perform equation rearrangement,1,1,E:0 / B:1
requesting LLM rearrange equation,1,1,E:0 / B:1
requesting clarification of ratio notation,1,1,E:0 / B:1
requesting definition from LLM,1,1,E:0 / B:1
requesting explicit verification of algebraic step,1,1,E:0 / B:1
requesting hint from LLM,1,1,E:0 / B:1
requesting verification of derived relation,1,1,E:0 / B:1
restarting approach from beginning,1,1,E:0 / B:1
restating LLM's instruction,1,1,E:0 / B:1
restating algebra step,1,1,E:0 / B:1
restating algebraic manipulation logic,1,1,E:0 / B:1
restating derived relation,1,1,E:0 / B:1
restating distance relation,1,1,E:0 / B:1
restating equation from response,1,1,E:0 / B:1
restating figure values,1,1,E:0 / B:1
restating geometric constraint from task,1,1,E:0 / B:1
restating point P's position on segment AB,1,1,E:0 / B:1
restating question in own words,1,1,E:0 / B:1
restating relation for point B,1,1,E:0 / B:1
restating response step,1,1,E:0 / B:1
restating segment definition,1,1,E:0 / B:1
restating segment labels,1,1,E:0 / B:1
restating step to place point B,1,1,E:0 / B:1
restating task given value,1,1,E:0 / B:1
restating task given values,1,1,E:0 / B:1
restating task goal,1,1,E:0 / B:1
restating triangle side labels from response,1,1,E:0 / B:1
reviewing variables referenced in query,1,1,E:0 / B:1
searching for point of difficulty,1,1,E:0 / B:1
seeking permission to ask LLM directly,1,1,E:0 / B:1
seeking reassurance about notation,1,1,E:0 / B:1
self-correcting conflated concepts,1,1,E:0 / B:1
setting up own calculation,1,1,E:0 / B:1
setting up percentage scale on diagram,1,1,E:0 / B:1
sharing observation with LLM,1,1,E:0 / B:1
signaling task abandonment,1,1,E:0 / B:1
stating computed value,1,1,E:0 / B:1
submitting final answer to LLM,1,1,E:0 / B:1
suspecting missed information,1,1,E:0 / B:1
tentatively placing point via counting,1,1,E:0 / B:1
verbalizing message before typing,1,1,E:0 / B:1
verbalizing query before sending,1,1,E:0 / B:1
verbalizing request for hint before sending,1,1,E:0 / B:1
verbalizing self-monitoring for researcher,1,1,E:0 / B:1
wondering whether LLM will confirm correctness,1,1,E:0 / B:1
working out spatial configuration,1,1,E:0 / B:1
working through equation aloud,1,1,E:0 / B:1
